position,nucleotide
0,A
1,T
2,G
3,A
4,G
5,A
6,G
8,G
9,A
11,G
12,G
23,G
32,A
38,G
39,T
41,G
42,A
45,T
46,G
47,G
48,G
49,G
51,A
55,T
58,T
59,C
61,T
64,G
67,T
72,A
73,T
79,G
80,T
81,A
89,A
94,A
97,T
98,G
99,T
100,G
101,G
102,G
105,A
106,C
108,G
109,T
111,T
112,A
114,T
115,A
116,T
117,G
118,G
120,G
121,T
123,C
124,C
125,T
126,G
127,T
128,G
129,T
130,G
131,G
132,A
135,G
136,A
138,G
139,C
140,A
144,A
145,C
146,A
147,A
148,C
151,T
152,A
153,T
154,T
155,T
156,T
157,G
158,T
159,G
160,C
161,A
162,T
163,C
164,A
165,G
166,A
167,T
168,G
169,C
171,A
172,A
173,A
174,G
175,C
176,A
178,A
179,T
183,A
185,A
186,G
187,A
192,C
193,A
195,A
196,A
197,T
201,T
202,G
203,G
204,G
205,C
207,A
208,C
209,A
210,C
211,A
212,T
213,G
214,C
216,T
217,G
218,T
219,G
220,T
221,A
222,C
223,C
225,A
226,C
228,G
229,A
230,C
231,C
232,C
235,A
236,C
237,C
238,C
239,A
240,C
241,A
243,G
244,A
245,A
247,T
253,T
258,A
259,A
260,T
261,G
262,T
264,A
265,C
266,A
267,G
268,A
271,A
273,T
274,T
275,T
276,A
277,A
278,T
279,G
280,C
281,A
282,T
283,G
284,G
285,A
286,A
287,A
288,A
289,A
290,T
293,C
294,A
295,T
296,G
297,G
298,T
299,A
300,G
301,A
303,C
304,A
306,A
307,T
308,G
309,C
310,A
311,T
315,G
316,A
318,A
319,T
320,A
321,A
322,T
323,C
324,A
328,T
329,A
330,T
331,G
332,G
333,G
334,A
336,C
337,A
338,A
339,A
340,G
343,T
344,A
345,A
348,C
349,C
350,A
351,T
352,G
353,T
354,G
355,T
356,A
358,G
360,T
361,T
362,A
364,C
365,C
366,C
367,C
369,C
370,T
371,C
372,T
373,G
375,G
376,T
378,A
381,C
382,T
387,T
388,G
394,A
439,A
442,T
443,A
445,A
446,A
447,A
448,A
450,T
451,G
452,C
454,C
455,T
456,T
458,C
459,A
460,A
465,A
468,A
469,C
470,A
475,A
477,A
478,A
480,G
483,A
484,A
485,A
492,A
494,A
500,T
502,C
503,A
505,A
507,T
508,T
509,T
510,A
511,A
512,T
513,A
515,A
519,G
520,A
521,T
523,T
524,G
526,T
528,C
531,A
532,T
561,T
562,A
563,T
564,A
568,T
570,A
572,A
573,A
575,T
576,T
577,G
580,A
582,A
583,C
584,C
586,C
587,A
591,A
592,T
594,A
595,C
596,A
597,C
598,A
600,G
601,C
603,T
604,G
605,C
606,C
607,C
609,A
610,A
611,G
613,T
616,C
618,T
619,T
620,T
621,G
622,A
624,C
625,C
626,A
627,A
628,T
630,C
631,C
633,A
634,T
635,A
636,C
637,A
639,T
640,A
641,T
642,T
643,G
644,T
646,C
648,C
649,C
651,G
652,C
653,T
654,G
655,G
656,T
657,T
659,T
660,G
661,C
663,A
664,T
665,T
666,C
667,T
668,A
669,A
670,A
672,T
673,G
674,T
675,A
676,A
679,A
681,A
687,T
688,T
689,T
690,A
691,A
692,T
693,G
694,G
697,A
698,A
699,G
700,G
704,A
705,T
706,G
708,A
711,A
712,A
713,T
714,G
715,T
716,C
717,A
718,G
720,A
721,C
722,A
723,G
724,T
726,C
727,A
728,A
729,T
730,G
732,A
733,C
734,A
735,C
736,A
737,T
738,G
739,G
740,A
741,A
742,T
744,A
747,C
748,C
749,A
750,G
751,T
753,G
756,T
757,C
758,A
759,A
760,C
761,T
762,C
763,A
766,T
767,G
770,G
772,T
773,G
774,A
775,A
776,T
777,G
778,G
779,C
780,A
781,G
782,T
783,C
784,T
785,A
786,G
787,C
788,A
789,G
790,A
800,A
804,A
805,T
806,T
807,A
808,G
809,A
810,T
812,T
813,G
816,A
817,A
818,T
820,T
823,C
826,A
828,A
829,A
830,T
834,A
835,A
836,A
840,A
841,T
842,A
843,A
844,T
845,A
846,G
847,T
849,C
850,A
853,T
862,C
864,G
865,T
866,A
870,A
871,T
872,T
873,A
875,T
876,T
877,G
878,T
879,G
882,A
883,G
885,C
891,A
892,A
893,C
894,A
895,A
897,A
899,A
900,A
901,G
906,G
907,G
917,G
918,G
919,G
921,C
922,C
923,A
924,G
925,G
931,C
933,T
938,T
940,C
941,A
955,T
957,G
958,G
961,A
963,A
964,T
966,A
967,G
972,G
973,C
974,A
976,A
978,T
979,G
980,T
982,A
985,T
987,A
999,T
1000,G
1001,G
1012,T
1015,G
1019,G
1021,T
1022,A
1023,G
1030,A
1032,T
1033,T
1044,T
1047,A
1048,A
1052,A
1053,A
1056,A
1057,T
1058,A
1062,T
1063,T
1064,T
1074,T
1075,C
1076,A
1077,G
1078,G
1080,G
1081,G
1083,G
1084,A
1088,A
1089,G
1090,A
1091,A
1093,T
1094,T
1097,G
1101,C
1102,A
1104,A
1107,T
1108,T
1109,T
1110,A
1111,A
1112,T
1113,T
1114,G
1115,T
1118,A
1119,G
1120,G
1122,G
1123,A
1125,T
1126,T
1128,T
1129,T
1130,C
1131,T
1132,A
1134,T
1135,G
1137,A
1138,A
1141,C
1142,A
1144,C
1145,A
1150,T
1151,G
1152,T
1153,T
1154,T
1155,A
1156,A
1158,A
1159,G
1161,A
1164,T
1200,A
1201,T
1203,A
1207,T
1208,C
1211,A
1212,T
1213,G
1215,A
1216,G
1217,A
1218,A
1219,T
1220,A
1221,A
1222,A
1224,C
1225,A
1228,T
1229,T
1231,T
1232,A
1233,A
1236,C
1237,T
1238,G
1239,T
1240,G
1241,G
1242,C
1243,A
1244,G
1245,G
1250,A
1251,G
1252,G
1253,A
1255,G
1257,G
1258,C
1260,A
1261,T
1263,T
1264,A
1265,T
1266,G
1267,C
1268,T
1269,C
1270,C
1271,T
1272,C
1273,C
1274,C
1275,A
1276,T
1281,G
1282,G
1286,C
1287,A
1288,T
1293,T
1294,G
1299,T
1300,C
1301,A
1302,A
1303,A
1305,A
1306,T
1307,T
1308,A
1309,C
1310,G
1311,G
1312,G
1315,T
1318,T
1320,T
1321,T
1323,A
1324,C
1325,A
1326,A
1327,G
1328,A
1329,G
1330,A
1332,G
1333,G
1335,G
1336,G
1338,G
1365,G
1366,A
1370,C
1371,T
1372,T
1373,C
1374,A
1375,G
1377,C
1378,C
1380,G
1383,G
1384,G
1385,A
1386,G
1387,G
1390,A
1391,T
1392,A
1393,T
1394,G
1395,A
1398,G
1399,A
1401,A
1402,A
1404,T
1405,G
1406,G
1407,A
1408,G
1409,A
1410,A
1411,A
1412,T
1413,G
1414,A
1415,A
1417,T
1419,T
1420,A
1421,T
1422,A
1423,A
1425,T
1426,A
1428,A
1429,A
1431,G
1432,T
1433,A
1435,T
1436,A
1439,A
1441,T
1442,T
1443,G
1444,A
1445,A
1446,C
1447,C
1448,A
1450,T
1451,G
1452,G
1453,G
1454,A
1455,A
1456,T
1457,A
1458,G
1459,C
1460,A
1461,C
1462,C
1463,C
1464,A
1465,C
1466,C
1467,A
1469,G
1470,G
1471,C
1472,A
1473,A
1476,A
1477,G
1479,A
1480,G
1481,A
1482,G
1483,T
1484,G
1485,G
1486,T
1487,G
1489,A
1490,A
1491,A
1492,G
1493,A
1494,G
1495,A
1496,A
1497,A
1498,A
1499,A
1500,A
1501,G
1502,A
