generation,seq_id,b_immune,t_immune,conserved,replicative,overall
founder,founder0,1.0,1.0,1.0,0.8520755747117391,0.8520755747117391
founder,founder1,1.0,1.0,1.0,0.8520755747117391,0.8520755747117391
founder,founder2,1.0,1.0,1.0,0.8520755747117391,0.8520755747117391
founder,founder3,1.0,1.0,1.0,0.8520755747117391,0.8520755747117391
founder,founder4,1.0,1.0,1.0,0.8520755747117391,0.8520755747117391
founder,founder5,1.0,1.0,1.0,0.8520755747117391,0.8520755747117391
founder,founder6,1.0,1.0,1.0,0.8520755747117391,0.8520755747117391
founder,founder7,1.0,1.0,1.0,0.8520755747117391,0.8520755747117391
founder,founder8,1.0,1.0,1.0,0.8520755747117391,0.8520755747117391
founder,founder9,1.0,1.0,1.0,0.8520755747117391,0.8520755747117391
0,gen0_active_0,1.0,1.0,1.0,0.8520755747117391,0.8520755747117391
0,gen0_active_1,1.0,1.0,1.0,0.8520755747117391,0.8520755747117391
0,gen0_active_2,1.0,1.0,1.0,0.8520755747117391,0.8520755747117391
0,gen0_active_3,1.0,1.0,1.0,0.8520755747117391,0.8520755747117391
0,gen0_active_4,1.0,1.0,1.0,0.8520755747117391,0.8520755747117391
0,gen0_active_5,1.0,1.0,1.0,0.8520755747117391,0.8520755747117391
0,gen0_active_6,1.0,1.0,1.0,0.8520755747117391,0.8520755747117391
0,gen0_active_7,1.0,1.0,1.0,0.8520755747117391,0.8520755747117391
0,gen0_active_8,1.0,1.0,1.0,0.8520755747117391,0.8520755747117391
0,gen0_active_9,1.0,1.0,1.0,0.8520755747117391,0.8520755747117391
30,gen30_active_0,0.9333333333333333,0.125,0.5,0.8503722756378904,0.04960504941221028
30,gen30_active_1,0.9333333333333333,0.125,1.0,0.8520755747117391,0.0994088170497029
30,gen30_active_2,0.9333333333333333,0.125,1.0,0.8503722756378904,0.09921009882442056
30,gen30_active_3,0.9333333333333333,0.125,1.0,0.8512234991370274,0.0993094082326532
30,gen30_active_4,0.9333333333333333,0.125,1.0,0.8495219033622525,0.09911088872559613
30,gen30_active_5,0.9333333333333333,0.125,1.0,0.8520755747117391,0.0994088170497029
30,gen30_active_6,0.9333333333333333,0.125,1.0,0.8512234991370274,0.0993094082326532
30,gen30_active_7,0.9333333333333333,0.125,1.0,0.8512234991370274,0.0993094082326532
30,gen30_active_8,0.9333333333333333,0.125,1.0,0.8478237090774313,0.09891276605903365
30,gen30_active_9,0.9333333333333333,0.125,1.0,0.8520755747117391,0.0994088170497029
60,gen60_active_0,0.8333333333333334,0.5,1.0,0.8452827805735026,0.3522011585722928
60,gen60_active_1,0.8333333333333334,0.5,1.0,0.8461289094829856,0.3525537122845773
60,gen60_active_2,0.8333333333333334,0.5,1.0,0.8469758853683539,0.3529066189034808
60,gen60_active_3,0.8333333333333334,0.5,1.0,0.8469758853683539,0.3529066189034808
60,gen60_active_4,0.8333333333333334,0.5,1.0,0.8444374977929291,0.35184895741372046
60,gen60_active_5,0.8333333333333334,0.5,1.0,0.8461289094829856,0.3525537122845773
60,gen60_active_6,0.8333333333333334,0.5,1.0,0.8444374977929291,0.35184895741372046
60,gen60_active_7,0.8333333333333334,0.5,1.0,0.8461289094829856,0.3525537122845773
60,gen60_active_8,0.8333333333333334,0.5,1.0,0.8486723814588902,0.3536134922745376
60,gen60_active_9,0.8333333333333334,0.5,1.0,0.8461289094829856,0.3525537122845773
90,gen90_active_0,0.7333333333333334,0.5,1.0,0.8444374977929291,0.309627082524074
90,gen90_active_1,0.7333333333333334,0.5,1.0,0.8452827805735026,0.30993701954361763
90,gen90_active_2,0.7333333333333334,0.5,1.0,0.8435930602951361,0.3093174554415499
90,gen90_active_3,0.7333333333333334,0.5,1.0,0.8452827805735026,0.30993701954361763
90,gen90_active_4,0.7333333333333334,0.5,1.0,0.8444374977929291,0.309627082524074
90,gen90_active_5,0.7866666666666666,0.5,1.0,0.8452827805735026,0.33247789369224434
90,gen90_active_6,0.7866666666666666,0.5,1.0,0.8452827805735026,0.33247789369224434
90,gen90_active_7,0.7333333333333334,0.5,1.0,0.8452827805735026,0.30993701954361763
90,gen90_active_8,0.7333333333333334,0.5,1.0,0.8419067177676062,0.3086991298481223
90,gen90_active_9,0.7333333333333334,0.5,1.0,0.8461289094829856,0.3102472668104281
120,gen120_active_0,0.7,1.0,1.0,0.8402237462387887,0.588156622367152
120,gen120_active_1,0.7,1.0,1.0,0.842749467234841,0.5899246270643886
120,gen120_active_2,0.7,1.0,1.0,0.8385441389700574,0.5869808972790401
120,gen120_active_3,0.7,1.0,1.0,0.842749467234841,0.5899246270643886
120,gen120_active_4,0.7,1.0,1.0,0.8419067177676062,0.5893347024373243
120,gen120_active_5,0.7,1.0,1.0,0.8393835224925499,0.5875684657447848
120,gen120_active_6,0.7,1.0,1.0,0.8444374977929291,0.5911062484550503
120,gen120_active_7,0.7,1.0,1.0,0.8435930602951361,0.5905151422065953
120,gen120_active_8,0.7,1.0,1.0,0.8402237462387887,0.588156622367152
120,gen120_active_9,0.7,1.0,1.0,0.8419067177676062,0.5893347024373243
150,gen150_active_0,0.73,1.0,1.0,0.8402237462387887,0.6133633347543157
150,gen150_active_1,0.73,1.0,1.0,0.842749467234841,0.6152071110814339
150,gen150_active_2,0.7,1.0,1.0,0.8410648110498385,0.588745367734887
150,gen150_active_3,0.73,1.0,1.0,0.8402237462387887,0.6133633347543157
150,gen150_active_4,0.7,1.0,1.0,0.8402237462387887,0.588156622367152
150,gen150_active_5,0.7,1.0,1.0,0.8419067177676062,0.5893347024373243
150,gen150_active_6,0.73,1.0,1.0,0.8419067177676062,0.6145919039703525
150,gen150_active_7,0.7,1.0,1.0,0.8410648110498385,0.588745367734887
150,gen150_active_8,0.7,1.0,1.0,0.8393835224925499,0.5875684657447848
150,gen150_active_9,0.7,1.0,1.0,0.8419067177676062,0.5893347024373243
180,gen180_active_0,0.7,1.0,1.0,0.8419067177676062,0.5893347024373243
180,gen180_active_1,0.7,1.0,1.0,0.842749467234841,0.5899246270643886
180,gen180_active_2,0.73,1.0,1.0,0.8393835224925499,0.6127499714195614
180,gen180_active_3,0.73,1.0,1.0,0.8410648110498385,0.6139773120663822
180,gen180_active_4,0.7,1.0,1.0,0.8402237462387887,0.588156622367152
180,gen180_active_5,0.73,1.0,1.0,0.842749467234841,0.6152071110814339
180,gen180_active_6,0.7,1.0,1.0,0.8385441389700574,0.5869808972790401
180,gen180_active_7,0.73,1.0,1.0,0.8385441389700574,0.6121372214481419
180,gen180_active_8,0.73,1.0,1.0,0.8419067177676062,0.6145919039703525
180,gen180_active_9,0.73,1.0,1.0,0.842749467234841,0.6152071110814339
210,gen210_active_0,0.73,1.0,1.0,0.8444374977929291,0.6164393733888383
210,gen210_active_1,0.7,1.0,1.0,0.8385441389700574,0.5869808972790401
210,gen210_active_2,0.7,1.0,1.0,0.8402237462387887,0.588156622367152
210,gen210_active_3,0.73,1.0,1.0,0.8368678892362562,0.610913559142467
210,gen210_active_4,0.73,1.0,1.0,0.8419067177676062,0.6145919039703525
210,gen210_active_5,0.7,1.0,1.0,0.8419067177676062,0.5893347024373243
210,gen210_active_6,0.73,1.0,1.0,0.8377055948310873,0.6115250842266937
210,gen210_active_7,0.73,1.0,1.0,0.8393835224925499,0.6127499714195614
210,gen210_active_8,0.73,1.0,1.0,0.8435930602951361,0.6158229340154494
210,gen210_active_9,0.73,1.0,1.0,0.83603102134702,0.6103026455833246
240,gen240_active_0,0.73,1.0,1.0,0.8377055948310873,0.6115250842266937
240,gen240_active_1,0.7,1.0,1.0,0.8377055948310873,0.5863939163817611
240,gen240_active_2,0.7,1.0,1.0,0.83603102134702,0.585221714942914
240,gen240_active_3,0.76,1.0,1.0,0.8402237462387887,0.6385700471414795
240,gen240_active_4,0.7,1.0,1.0,0.8410648110498385,0.588745367734887
240,gen240_active_5,0.7,1.0,1.0,0.8393835224925499,0.5875684657447848
240,gen240_active_6,0.73,1.0,1.0,0.8377055948310873,0.6115250842266937
240,gen240_active_7,0.73,1.0,1.0,0.8402237462387887,0.6133633347543157
240,gen240_active_8,0.7,1.0,1.0,0.83603102134702,0.585221714942914
240,gen240_active_9,0.73,1.0,1.0,0.8377055948310873,0.6115250842266937
270,gen270_active_0,0.73,1.0,1.0,0.8410648110498385,0.6139773120663822
270,gen270_active_1,0.73,1.0,1.0,0.8402237462387887,0.6133633347543157
270,gen270_active_2,0.73,1.0,1.0,0.8402237462387887,0.6133633347543157
270,gen270_active_3,0.73,1.0,1.0,0.8393835224925499,0.6127499714195614
270,gen270_active_4,0.73,1.0,1.0,0.8402237462387887,0.6133633347543157
270,gen270_active_5,0.76,1.0,1.0,0.8419067177676062,0.6398491055033807
270,gen270_active_6,0.73,1.0,1.0,0.8410648110498385,0.6139773120663822
270,gen270_active_7,0.73,1.0,1.0,0.8419067177676062,0.6145919039703525
270,gen270_active_8,0.73,1.0,1.0,0.8343597953353473,0.6090826505948035
270,gen270_active_9,0.73,1.0,1.0,0.8393835224925499,0.6127499714195614
300,gen300_active_0,0.73,1.0,1.0,0.83603102134702,0.6103026455833246
300,gen300_active_1,0.73,1.0,1.0,0.8351949903256729,0.6096923429377412
300,gen300_active_2,0.73,1.0,1.0,0.83603102134702,0.6103026455833246
300,gen300_active_3,0.73,1.0,1.0,0.8377055948310873,0.6115250842266937
300,gen300_active_4,0.73,1.0,1.0,0.8368678892362562,0.610913559142467
300,gen300_active_5,0.73,1.0,1.0,0.83603102134702,0.6103026455833246
300,gen300_active_6,0.73,1.0,1.0,0.842749467234841,0.6152071110814339
300,gen300_active_7,0.7,1.0,1.0,0.8343597953353473,0.5840518567347431
300,gen300_active_8,0.73,1.0,1.0,0.8435930602951361,0.6158229340154494
300,gen300_active_9,0.7066666666666667,1.0,1.0,0.8402237462387887,0.593758114008744
330,gen330_active_0,0.79,1.0,1.0,0.8377055948310873,0.661787419916559
330,gen330_active_1,0.7,1.0,1.0,0.8435930602951361,0.5905151422065953
330,gen330_active_2,0.7,1.0,1.0,0.8410648110498385,0.588745367734887
330,gen330_active_3,0.73,1.0,1.0,0.8393835224925499,0.6127499714195614
330,gen330_active_4,0.7,1.0,1.0,0.8385441389700574,0.5869808972790401
330,gen330_active_5,0.7,1.0,1.0,0.842749467234841,0.5899246270643886
330,gen330_active_6,0.73,1.0,1.0,0.8385441389700574,0.6121372214481419
330,gen330_active_7,0.73,1.0,1.0,0.8351949903256729,0.6096923429377412
330,gen330_active_8,0.7,1.0,1.0,0.8410648110498385,0.588745367734887
330,gen330_active_9,0.7,1.0,1.0,0.8393835224925499,0.5875684657447848
360,gen360_active_0,0.7533333333333334,1.0,1.0,0.8377055948310873,0.6310715481060858
360,gen360_active_1,0.73,1.0,1.0,0.8318592181943675,0.6072572292818882
360,gen360_active_2,0.7533333333333334,1.0,1.0,0.8385441389700574,0.6317032513574433
360,gen360_active_3,0.73,1.0,1.0,0.8368678892362562,0.610913559142467
360,gen360_active_4,0.73,1.0,1.0,0.8402237462387887,0.6133633347543157
360,gen360_active_5,0.7533333333333334,1.0,1.0,0.8385441389700574,0.6317032513574433
360,gen360_active_6,0.7533333333333334,1.0,1.0,0.8377055948310873,0.6310715481060858
360,gen360_active_7,0.73,1.0,1.0,0.8393835224925499,0.6127499714195614
360,gen360_active_8,0.73,1.0,1.0,0.8410648110498385,0.6139773120663822
360,gen360_active_9,0.742,1.0,1.0,0.83603102134702,0.6203350178394889
